confidenceAtCutoff,integrityStatus,playerId,provinceCode,rank,recentActivityRequired,score,singleMatchDependencyRate,uniqueOpponents,validChallenges,weightedChallenges
0.6656,clean,player-00002,20,1,12,777.38,0.1047,21,45,27.25
0.6656,clean,player-05516,20,2,12,772,0.1047,13,19,17.75
0.6656,clean,player-05513,20,3,12,765.78,0.1047,12,19,18
0.6656,clean,player-04523,20,4,12,762.47,0.1047,14,24,20.5
0.6656,clean,player-05518,20,5,12,758.77,0.1047,12,19,17.75
0.6656,clean,player-05515,20,6,12,750.27,0.1047,11,18,17
0.6656,clean,player-00001,20,7,12,742.53,0.1047,19,40,26
0.6656,clean,player-04524,20,8,12,739.52,0.1047,16,26,22
0.6656,clean,player-05511,20,9,12,738.39,0.1047,12,18,16.75
0.6656,clean,player-00662,20,10,12,736.48,0.1047,16,30,27.25
0.5033,clean,player-06352,48,1,12,803.53,0.0568,18,24,24
0.5033,clean,player-02859,48,2,12,802.38,0.0568,21,29,29
0.5033,clean,player-00758,48,3,12,798.54,0.0568,23,33,28.5
0.5033,clean,player-03901,48,4,12,795.32,0.0568,18,29,26.75
0.5033,clean,player-06357,48,5,12,783.6,0.0568,17,20,20
0.5033,clean,player-01604,48,6,12,779.35,0.0568,18,25,24.5
0.5033,clean,player-03910,48,7,12,774.54,0.0568,20,29,27.5
0.5033,clean,player-06354,48,8,12,773.95,0.0568,14,19,19
0.5033,clean,player-02133,48,9,12,771.85,0.0568,23,30,29.22
0.5033,clean,player-09804,48,10,12,770.89,0.0568,19,26,26
0.6287,clean,player-01438,35,1,12,821.4,0.0435,24,40,28.25
0.6287,clean,player-08290,35,2,12,808.53,0.0435,17,21,21
0.6287,clean,player-06010,35,3,12,806.65,0.0435,15,25,23.75
0.6287,clean,player-06001,35,4,12,802.68,0.0435,14,20,19.5
0.6287,clean,player-08288,35,5,12,801.94,0.0435,18,22,22
0.6287,clean,player-01440,35,6,12,798.14,0.0435,21,33,28.25
0.6287,clean,player-00027,35,7,12,791.94,0.0435,22,43,26.25
0.6287,clean,player-05575,35,8,12,788.28,0.0435,15,27,23
0.6287,clean,player-00447,35,9,12,784.15,0.0435,26,46,28.5
0.6287,clean,player-06471,35,10,12,780.72,0.0435,21,22,22
0.5824,clean,player-08462,30,1,12,800.95,0.1189,17,25,23.5
0.5824,clean,player-08465,30,2,12,798.22,0.1189,18,23,22.5
0.5824,clean,player-03858,30,3,12,795.74,0.1189,19,28,26.5
0.5824,clean,player-08463,30,4,12,790.8,0.1189,16,21,20.5
0.5824,clean,player-07661,30,5,12,786.31,0.1189,16,28,26.5
0.5824,clean,player-03854,30,6,12,783.24,0.1189,16,24,23
0.5824,clean,player-07663,30,7,12,777.34,0.1189,17,25,24
0.5824,clean,player-03855,30,8,12,770.72,0.1189,18,29,27.25
0.5824,clean,player-03465,30,9,12,770.41,0.1189,14,18,18
0.5824,clean,player-04298,30,10,12,769.6,0.1189,14,23,20.75
0.6243,clean,player-03057,47,1,12,771.34,0.0386,21,38,27.75
0.6243,clean,player-03060,47,2,12,759.16,0.0386,18,33,28
0.6243,clean,player-09280,47,3,12,753.95,0.0386,13,21,19.5
0.6243,clean,player-00700,47,4,12,751.28,0.0386,10,20,16.75
0.6243,clean,player-03051,47,5,12,742.7,0.0386,19,36,28
0.6243,clean,player-03056,47,6,12,737.16,0.0386,19,38,27
0.6243,clean,player-03304,47,7,12,736.99,0.0386,17,32,27.25
0.6243,clean,player-00691,47,8,12,728.08,0.0386,12,24,20
0.6243,clean,player-06486,47,9,12,726.1,0.0386,11,23,20
0.6243,clean,player-09272,47,10,12,725.37,0.0386,11,20,17
0.5783,clean,player-00061,42,1,12,829.83,0.0484,14,35,21.25
0.5783,clean,player-09927,42,2,12,771.81,0.0484,16,29,25.75
0.5783,clean,player-00067,42,3,12,765.7,0.0484,14,40,21
0.5783,clean,player-00064,42,4,12,762.55,0.0484,13,37,21.25
0.5783,clean,player-05713,42,5,12,758.78,0.0484,9,20,14.5
0.5783,clean,player-00066,42,6,12,756.08,0.0484,13,39,20.75
0.5783,clean,player-01394,42,7,12,753.44,0.0484,15,29,24.5
0.5783,clean,player-06981,42,8,12,750.19,0.0484,10,20,16.5
0.5783,clean,player-01393,42,9,12,742.93,0.0484,16,34,25.5
0.5783,clean,player-01399,42,10,12,741.04,0.0484,14,27,23
0.5931,clean,player-03707,03,1,12,789.98,0.2283,16,20,18.75
0.5931,clean,player-02730,03,2,12,786.73,0.2283,23,31,29
0.5931,clean,player-09351,03,3,12,778.62,0.2283,15,15,15
0.5931,clean,player-06105,03,4,12,778.33,0.2283,14,16,15.5
0.5931,clean,player-07434,03,5,12,774.85,0.2283,16,16,16
0.5931,clean,player-06325,03,6,12,774.29,0.2283,16,21,21
0.5931,clean,player-05910,03,7,12,773.66,0.2283,15,19,19
0.5931,clean,player-00629,03,8,12,773.21,0.2283,18,25,24
0.5931,clean,player-03503,03,9,12,770.17,0.2283,26,37,27.75
0.5931,clean,player-03817,03,10,12,769.87,0.2283,14,19,19
0.704,clean,player-05353,17,1,12,820.95,0,19,27,25.25
0.704,clean,player-05357,17,2,12,818.07,0,18,30,28.25
0.704,clean,player-05351,17,3,12,811.54,0,18,27,24.75
0.704,clean,player-05354,17,4,12,795.72,0,19,25,24.5
0.704,clean,player-05359,17,5,12,793.9,0,21,30,28.75
0.704,clean,player-05352,17,6,12,784.42,0,18,29,27.25
0.704,clean,player-05360,17,7,12,782.37,0,19,28,27
0.704,clean,player-01934,17,8,12,777.61,0,22,38,27
0.704,clean,player-01935,17,9,12,774.03,0,22,41,27.75
0.704,clean,player-01940,17,10,12,770.97,0,20,34,26.5
0.5662,clean,player-07902,39,1,12,814.21,0.0385,13,21,20
0.5662,clean,player-08171,39,2,12,795.3,0.0385,18,27,26
0.5662,clean,player-07403,39,3,12,769.61,0.0385,19,32,27.75
0.5662,clean,player-08179,39,4,12,762.82,0.0385,14,24,22.5
0.5662,clean,player-08109,39,5,12,762.19,0.0385,15,19,19
0.5662,clean,player-00802,39,6,12,760.46,0.0385,20,38,26.75
0.5662,clean,player-07906,39,7,12,753.13,0.0385,13,18,18
0.5662,clean,player-00809,39,8,12,752.03,0.0385,20,39,26.75
0.5662,clean,player-08172,39,9,12,751.37,0.0385,14,24,21.25
0.5662,clean,player-04955,39,10,12,751.14,0.0385,12,18,17.5
0.6673,clean,player-09300,29,1,12,829.15,0.0902,20,29,27
0.6673,clean,player-00412,29,2,12,819.72,0.0902,14,21,21
0.6673,clean,player-08999,29,3,12,819.58,0.0902,14,17,17
0.6673,clean,player-09299,29,4,12,813.78,0.0902,21,29,28
0.6673,clean,player-05274,29,5,12,813.5,0.0902,20,29,26.75
0.6673,clean,player-05271,29,6,12,812.27,0.0902,19,24,22.75
0.6673,clean,player-00158,29,7,12,804.35,0.0902,22,33,27.25
0.6673,clean,player-00159,29,8,12,803.13,0.0902,25,35,27.75
0.6673,clean,player-08994,29,9,12,802.07,0.0902,16,20,19.5
0.6673,clean,player-09297,29,10,12,801.36,0.0902,20,29,27.5
0.5486,clean,player-05224,41,1,12,816.27,0.0075,14,20,19
0.5486,clean,player-04141,41,2,12,813.67,0.0075,27,33,30
0.5486,clean,player-01861,41,3,12,809.53,0.0075,24,37,29
0.5486,clean,player-04148,41,4,12,808.72,0.0075,23,25,25
0.5486,clean,player-05221,41,5,12,807.87,0.0075,16,22,21.5
0.5486,clean,player-02772,41,6,12,802.24,0.0075,25,32,29.5
0.5486,clean,player-05223,41,7,12,802,0.0075,14,19,18.5
0.5486,clean,player-01911,41,8,12,800.28,0.0075,23,36,28.5
0.5486,clean,player-04142,41,9,12,799.66,0.0075,22,28,28
0.5486,clean,player-08689,41,10,12,796.26,0.0075,14,16,16
0.7313,clean,player-07075,11,1,12,807.45,0.0485,18,28,26
0.7313,clean,player-01889,11,2,12,800.91,0.0485,25,38,29.5
0.7313,clean,player-05026,11,3,12,786.64,0.0485,14,17,17
0.7313,clean,player-01174,11,4,12,785.58,0.0485,26,42,29
0.7313,clean,player-00701,11,5,12,784.57,0.0485,21,31,28.5
0.7313,clean,player-06135,11,6,12,784.57,0.0485,24,33,28.75
0.7313,clean,player-06132,11,7,12,780.96,0.0485,24,29,28.5
0.7313,clean,player-01883,11,8,12,780,0.0485,22,37,29
0.7313,clean,player-05543,11,9,12,779.01,0.0485,14,17,17
0.7313,clean,player-01887,11,10,12,775.48,0.0485,25,37,30
0.6219,clean,player-00301,08,1,12,806.23,0.1894,24,43,28.5
0.6219,clean,player-05606,08,2,12,801.3,0.1894,19,22,22
0.6219,clean,player-05610,08,3,12,799.6,0.1894,16,19,19
0.6219,clean,player-00385,08,4,12,799.09,0.1894,26,41,29.5
0.6219,clean,player-01041,08,5,12,786.74,0.1894,16,24,23.5
0.6219,clean,player-01154,08,6,12,786.21,0.1894,25,36,29
0.6219,clean,player-07816,08,7,12,785.83,0.1894,22,29,27.75
0.6219,clean,player-01048,08,8,12,783.34,0.1894,15,25,24
0.6219,clean,player-01158,08,9,12,783.21,0.1894,25,34,29
0.6219,clean,player-01045,08,10,12,782.61,0.1894,17,28,26.5
0.5369,clean,player-06757,02,1,12,799.51,0.1154,16,27,24.25
0.5369,clean,player-05130,02,2,12,787.65,0.1154,17,21,20.5
0.5369,clean,player-05124,02,3,12,772.96,0.1154,13,18,16.75
0.5369,clean,player-09740,02,4,12,758.4,0.1154,16,21,20.5
0.5369,clean,player-05123,02,5,12,757.23,0.1154,15,21,19.75
0.5369,clean,player-09137,02,6,12,755.3,0.1154,13,16,15.5
0.5369,clean,player-09134,02,7,12,755.07,0.1154,17,22,21.5
0.5369,clean,player-05122,02,8,12,753.84,0.1154,17,21,21
0.5369,clean,player-09081,02,9,12,751.73,0.1154,14,21,19.25
0.5369,clean,player-00767,02,10,12,749.95,0.1154,18,46,26.5
0.5697,clean,player-04276,05,1,12,808.46,0.0553,13,27,21
0.5697,clean,player-00181,05,2,12,782.23,0.0553,14,28,22
0.5697,clean,player-03713,05,3,12,746.7,0.0553,10,22,18.5
0.5697,clean,player-00188,05,4,12,741.5,0.0553,12,26,20.25
0.5697,clean,player-00186,05,5,12,737.67,0.0553,12,24,20.75
0.5697,clean,player-03960,05,6,12,728.95,0.0553,12,16,15.5
0.5697,clean,player-00183,05,7,12,728.18,0.0553,15,31,23.25
0.5697,clean,player-03523,05,8,12,722.01,0.0553,10,21,19.25
0.5697,clean,player-03712,05,9,12,720.86,0.0553,10,23,18.25
0.5697,clean,player-03588,05,10,12,714.98,0.0553,15,35,25.25
0.6903,clean,player-01442,36,1,12,791.26,0.088,18,31,28.25
0.6903,clean,player-00892,36,2,12,768.41,0.088,19,30,28.25
0.6903,clean,player-00893,36,3,12,764.75,0.088,18,28,27.5
0.6903,clean,player-00895,36,4,12,764.1,0.088,18,30,28.25
0.6903,clean,player-00242,36,5,12,752.53,0.088,16,30,24.5
0.6903,clean,player-05052,36,6,12,750.36,0.088,14,18,18
0.6903,clean,player-00897,36,7,12,749.46,0.088,19,32,29.5
0.6903,clean,player-00894,36,8,12,740.34,0.088,20,34,28.75
0.6903,clean,player-03752,36,9,12,737.26,0.088,14,24,20.75
0.6903,clean,player-00898,36,10,12,735.91,0.088,18,27,26.5
0.5807,clean,player-00563,46,1,12,825.71,0.0457,27,48,28.25
0.5807,clean,player-02698,46,2,12,809.6,0.0457,26,37,29
0.5807,clean,player-01038,46,3,12,807.93,0.0457,16,27,24.25
0.5807,clean,player-04172,46,4,12,806.12,0.0457,20,29,26.5
0.5807,clean,player-04175,46,5,12,804.5,0.0457,20,29,26.25
0.5807,clean,player-06977,46,6,12,803.81,0.0457,21,33,27.25
0.5807,clean,player-00567,46,7,12,797.12,0.0457,27,48,29
0.5807,clean,player-04177,46,8,12,793.75,0.0457,20,30,26.5
0.5807,clean,player-04180,46,9,12,791.24,0.0457,15,24,20.5
0.5807,clean,player-03213,46,10,12,788.03,0.0457,18,23,23
0.72,clean,player-00906,14,1,12,807.82,0,20,34,27.75
0.72,clean,player-05196,14,2,12,798.81,0,20,32,25.75
0.72,clean,player-07988,14,3,12,792.89,0,14,19,18.5
0.72,clean,player-00909,14,4,12,791.63,0,16,26,23
0.72,clean,player-00907,14,5,12,789.81,0,16,27,23
0.72,clean,player-05193,14,6,12,789.02,0,20,31,26.75
0.72,clean,player-00908,14,7,12,787.32,0,18,29,26
0.72,clean,player-07987,14,8,12,786.36,0,17,23,22.5
0.72,clean,player-00901,14,9,12,782.17,0,20,32,27.25
0.72,clean,player-04067,14,10,12,781.65,0,16,28,26
0.6592,clean,player-02920,12,1,12,785.59,0.0858,21,42,26.75
0.6592,clean,player-02914,12,2,12,782.67,0.0858,19,43,26.25
0.6592,clean,player-02051,12,3,12,776.98,0.0858,16,23,22
0.6592,clean,player-02915,12,4,12,772.75,0.0858,20,43,25.5
0.6592,clean,player-09799,12,5,12,768.39,0.0858,17,23,22.5
0.6592,clean,player-01250,12,6,12,763.23,0.0858,13,22,21
0.6592,clean,player-09791,12,7,12,761.93,0.0858,14,24,22
0.6592,clean,player-02054,12,8,12,758.7,0.0858,15,24,21.75
0.6592,clean,player-02056,12,9,12,753.41,0.0858,15,23,21.75
0.6592,clean,player-03119,12,10,12,749.25,0.0858,22,36,27.75
0.6033,clean,player-05110,15,1,12,804.88,0.0947,14,26,22.75
0.6033,clean,player-00589,15,2,12,799.88,0.0947,22,35,29.5
0.6033,clean,player-05102,15,3,12,797.39,0.0947,14,27,21.75
0.6033,clean,player-07920,15,4,12,797.1,0.0947,15,25,23.25
0.6033,clean,player-05109,15,5,12,794.88,0.0947,14,24,19.75
0.6033,clean,player-05107,15,6,12,787.62,0.0947,13,26,21.75
0.6033,clean,player-08704,15,7,12,787.11,0.0947,16,23,21.75
0.6033,clean,player-09458,15,8,12,785.42,0.0947,15,26,24.5
0.6033,clean,player-03141,15,9,12,779.44,0.0947,22,31,29.5
0.6033,clean,player-08703,15,10,12,777.78,0.0947,16,21,19.75
0.5834,clean,player-06927,28,1,12,811.21,0.0969,21,30,29.5
0.5834,clean,player-06382,28,2,12,803.37,0.0969,22,27,26.5
0.5834,clean,player-05551,28,3,12,802.87,0.0969,22,30,28.75
0.5834,clean,player-07386,28,4,12,800.84,0.0969,12,15,14.5
0.5834,clean,player-05553,28,5,12,797.69,0.0969,24,34,29.5
0.5834,clean,player-02150,28,6,12,794.86,0.0969,25,42,29
0.5834,clean,player-05555,28,7,12,791.6,0.0969,21,30,29
0.5834,clean,player-05559,28,8,12,788.46,0.0969,21,30,29.5
0.5834,clean,player-03160,28,9,12,786.7,0.0969,21,30,29
0.5834,clean,player-05846,28,10,12,780.24,0.0969,15,21,21
0.6298,clean,player-04834,06,1,12,814.46,0.0339,12,32,23.25
0.6298,clean,player-04831,06,2,12,795.98,0.0339,11,33,23.5
0.6298,clean,player-04836,06,3,12,766.9,0.0339,12,32,23.75
0.6298,clean,player-04840,06,4,12,757.78,0.0339,12,25,22
0.6298,clean,player-04833,06,5,12,737,0.0339,12,33,22.5
0.6298,clean,player-04839,06,6,12,736.62,0.0339,12,32,24.75
0.6298,clean,player-00340,06,7,12,733.62,0.0339,16,43,21.75
0.6298,clean,player-08799,06,8,12,730.01,0.0339,11,22,19
0.6298,clean,player-03204,06,9,12,726.13,0.0339,12,22,19.25
0.6298,clean,player-05586,06,10,12,725.1,0.0339,9,21,16.25
0.7158,clean,player-02384,50,1,12,821.4,0.047,18,29,28
0.7158,clean,player-03425,50,2,12,814.61,0.047,18,36,27.25
0.7158,clean,player-05248,50,3,12,803.92,0.047,19,31,28.5
0.7158,clean,player-00351,50,4,12,791.3,0.047,15,37,26.5
0.7158,clean,player-00352,50,5,12,782.06,0.047,15,36,25
0.7158,clean,player-02387,50,6,12,777.5,0.047,17,27,26.5
0.7158,clean,player-08772,50,7,12,775.68,0.047,13,26,23.25
0.7158,clean,player-02388,50,8,12,775.6,0.047,17,28,26.75
0.7158,clean,player-05244,50,9,12,775.03,0.047,21,34,27.75
0.7158,clean,player-00356,50,10,12,774,0.047,14,35,25
0.5889,clean,player-07695,23,1,12,804.61,0.1667,13,19,17.25
0.5889,clean,player-07700,23,2,12,792.02,0.1667,14,22,19.75
0.5889,clean,player-02404,23,3,12,772.6,0.1667,18,27,24.75
0.5889,clean,player-07696,23,4,12,759.04,0.1667,13,19,17.25
0.5889,clean,player-07247,23,5,12,755.86,0.1667,15,21,21
0.5889,clean,player-01059,23,6,12,755.82,0.1667,22,36,28.25
0.5889,clean,player-09510,23,7,12,753.47,0.1667,13,16,16
0.5889,clean,player-09501,23,8,12,752.5,0.1667,12,15,14.5
0.5889,clean,player-07242,23,9,12,752.46,0.1667,12,18,18
0.5889,clean,player-07245,23,10,12,752.2,0.1667,11,17,16.5
0.6361,clean,player-00741,31,1,12,797.67,0.2088,13,29,25.25
0.6361,clean,player-01382,31,2,12,791.25,0.2088,14,32,26.25
0.6361,clean,player-00748,31,3,12,787.63,0.2088,13,26,22.75
0.6361,clean,player-00737,31,4,12,781.28,0.2088,17,48,26.25
0.6361,clean,player-00733,31,5,12,777.37,0.2088,18,50,28.5
0.6361,clean,player-09855,31,6,12,775.94,0.2088,12,26,21.75
0.6361,clean,player-00743,31,7,12,771.16,0.2088,12,32,23.25
0.6361,clean,player-00740,31,8,12,770.86,0.2088,18,47,28
0.6361,clean,player-02634,31,9,12,770.25,0.2088,11,26,19.5
0.6361,clean,player-09852,31,10,12,770.24,0.2088,12,24,20.75
0.6468,clean,player-07237,27,1,12,796.07,0.0418,13,25,21.75
0.6468,clean,player-00613,27,2,12,795.38,0.0418,22,38,28
0.6468,clean,player-00617,27,3,12,794.64,0.0418,24,45,27.75
0.6468,clean,player-00620,27,4,12,792.49,0.0418,21,38,29
0.6468,clean,player-00618,27,5,12,784.63,0.0418,23,39,28.25
0.6468,clean,player-07430,27,6,12,778.87,0.0418,13,22,19.75
0.6468,clean,player-00616,27,7,12,774.45,0.0418,24,37,29.5
0.6468,clean,player-05171,27,8,12,772.42,0.0418,14,20,19.5
0.6468,clean,player-03980,27,9,12,765.27,0.0418,14,21,20
0.6468,clean,player-03973,27,10,12,759.59,0.0418,18,26,24.75
0.6869,clean,player-06918,51,1,12,782.62,0.0652,12,23,21.25
0.6869,clean,player-07218,51,2,12,776.2,0.0652,11,19,16.75
0.6869,clean,player-06911,51,3,12,774.13,0.0652,13,22,20.25
0.6869,clean,player-06912,51,4,12,767.69,0.0652,12,24,21.5
0.6869,clean,player-08342,51,5,12,762.81,0.0652,10,18,16.5
0.6869,clean,player-08345,51,6,12,759.11,0.0652,9,21,17.5
0.6869,clean,player-09894,51,7,12,749.78,0.0652,13,27,21.5
0.6869,clean,player-09893,51,8,12,744.7,0.0652,13,24,20.25
0.6869,clean,player-01679,51,9,12,743.75,0.0652,10,28,20.5
0.6869,clean,player-06914,51,10,12,731.5,0.0652,13,24,22.25
0.5837,clean,player-08059,43,1,12,816.53,0.004,15,26,25
0.5837,clean,player-08055,43,2,12,813.93,0.004,16,29,27.25
0.5837,clean,player-08058,43,3,12,809.93,0.004,15,22,21
0.5837,clean,player-02438,43,4,12,807.43,0.004,20,30,29
0.5837,clean,player-02434,43,5,12,792.48,0.004,23,31,29.5
0.5837,clean,player-08977,43,6,12,789.69,0.004,13,16,15.5
0.5837,clean,player-06331,43,7,12,786.9,0.004,14,22,21.5
0.5837,clean,player-06334,43,8,12,781.1,0.004,16,26,25
0.5837,clean,player-02373,43,9,12,774.76,0.004,19,33,26.5
0.5837,clean,player-09832,43,10,12,774.73,0.004,14,17,17
0.6772,clean,player-02800,38,1,12,755.78,0.144,17,27,24.5
0.6772,clean,player-09608,38,2,12,752.2,0.144,13,15,15
0.6772,clean,player-08152,38,3,12,750.21,0.144,15,18,17.5
0.6772,clean,player-09609,38,4,12,744.43,0.144,14,17,17
0.6772,clean,player-02798,38,5,12,742.59,0.144,15,22,20.25
0.6772,clean,player-02793,38,6,12,742.24,0.144,19,31,28
0.6772,clean,player-04596,38,7,12,739.9,0.144,14,24,22.25
0.6772,clean,player-06999,38,8,12,738.05,0.144,14,22,21
0.6772,clean,player-02796,38,9,12,734.92,0.144,21,35,26.25
0.6772,clean,player-02797,38,10,12,734.49,0.144,20,32,27.25
0.6394,clean,player-01579,37,1,12,822.68,0.0625,18,24,23
0.6394,clean,player-03948,37,2,12,818.05,0.0625,16,30,26.5
0.6394,clean,player-01571,37,3,12,813.85,0.0625,15,22,21.5
0.6394,clean,player-01578,37,4,12,789.46,0.0625,20,29,27.5
0.6394,clean,player-09417,37,5,12,784.72,0.0625,16,22,22
0.6394,clean,player-09411,37,6,12,782.64,0.0625,19,25,24.5
0.6394,clean,player-08327,37,7,12,778.1,0.0625,13,21,20
0.6394,clean,player-02555,37,8,12,772.08,0.0625,17,27,27
0.6394,clean,player-09615,37,9,12,770.81,0.0625,11,17,17
0.6394,clean,player-02560,37,10,12,764.64,0.0625,14,23,22
0.5871,clean,player-01085,13,1,12,804.67,0.1087,13,26,23.25
0.5871,clean,player-01081,13,2,12,780.85,0.1087,13,27,23.25
0.5871,clean,player-01082,13,3,12,758.12,0.1087,12,27,22.5
0.5871,clean,player-08817,13,4,12,749.78,0.1087,15,20,19
0.5871,clean,player-06080,13,5,12,746.85,0.1087,16,21,20
0.5871,clean,player-08811,13,6,12,740.41,0.1087,15,18,17.5
0.5871,clean,player-01733,13,7,12,736.3,0.1087,17,24,22.75
0.5871,clean,player-09173,13,8,12,725.12,0.1087,15,22,20.25
0.5871,clean,player-09175,13,9,12,723.09,0.1087,15,21,19.75
0.5871,clean,player-01083,13,10,12,721.79,0.1087,12,24,20.75
0.6356,clean,player-02538,34,1,12,762.49,0.0354,14,32,24
0.6356,clean,player-00682,34,2,12,757.67,0.0354,16,34,24.25
0.6356,clean,player-00690,34,3,12,747.32,0.0354,15,35,22
0.6356,clean,player-02532,34,4,12,746.01,0.0354,15,30,24.25
0.6356,clean,player-07505,34,5,12,745.79,0.0354,13,28,21.75
0.6356,clean,player-02536,34,6,12,744.79,0.0354,14,31,22.75
0.6356,clean,player-06049,34,7,12,737.71,0.0354,16,24,21.25
0.6356,clean,player-02537,34,8,12,726.88,0.0354,15,34,22.25
0.6356,clean,player-00684,34,9,12,712.35,0.0354,15,33,23.75
0.6356,clean,player-02531,34,10,12,708.4,0.0354,14,30,22.75
0.7255,clean,player-01375,21,1,12,821.29,0.0068,25,40,28.25
0.7255,clean,player-09654,21,2,12,816.59,0.0068,12,19,18
0.7255,clean,player-09657,21,3,12,815.74,0.0068,14,21,21
0.7255,clean,player-09656,21,4,12,815.01,0.0068,13,21,19.25
0.7255,clean,player-01374,21,5,12,814.83,0.0068,21,38,27.25
0.7255,clean,player-03002,21,6,12,795.7,0.0068,14,26,23
0.7255,clean,player-01279,21,7,12,788.01,0.0068,29,42,29.5
0.7255,clean,player-02183,21,8,12,786.18,0.0068,17,28,25.75
0.7255,clean,player-05255,21,9,12,775.24,0.0068,18,33,27.75
0.7255,clean,player-05259,21,10,12,772.39,0.0068,17,27,26
0.4935,clean,player-09348,25,1,12,806.21,0.0972,15,21,19.75
0.4935,clean,player-08202,25,2,12,804.68,0.0972,12,25,21.75
0.4935,clean,player-05952,25,3,12,784.91,0.0972,14,33,24.75
0.4935,clean,player-04807,25,4,12,777.07,0.0972,19,31,28.25
0.4935,clean,player-05959,25,5,12,776.39,0.0972,15,32,26
0.4935,clean,player-08203,25,6,12,763.72,0.0972,12,25,22.25
0.4935,clean,player-02161,25,7,12,758.52,0.0972,12,18,16.25
0.4935,clean,player-08210,25,8,12,749.67,0.0972,12,21,19.5
0.4935,clean,player-02168,25,9,12,747.6,0.0972,10,19,16.25
0.4935,clean,player-08208,25,10,12,747.5,0.0972,12,22,19.25
0.6121,clean,player-06454,24,1,12,757.94,0.0315,13,28,22.75
0.6121,clean,player-06451,24,2,12,756.67,0.0315,15,28,24.25
0.6121,clean,player-05422,24,3,12,742.91,0.0315,13,26,21.5
0.6121,clean,player-01545,24,4,12,729.73,0.0315,11,27,20.5
0.6121,clean,player-02889,24,5,12,723.27,0.0315,12,18,15.75
0.6121,clean,player-01542,24,6,12,720.75,0.0315,11,24,20
0.6121,clean,player-01550,24,7,12,717.38,0.0315,10,22,17.25
0.6121,clean,player-05426,24,8,12,704.97,0.0315,13,26,21.25
0.6121,clean,player-01546,24,9,12,702.85,0.0315,11,22,18
0.6121,clean,player-00800,24,10,12,701.44,0.0315,15,33,25
0.5349,clean,player-06898,26,1,12,789.08,0.163,15,20,19.5
0.5349,clean,player-07046,26,2,12,781.54,0.163,10,16,15.5
0.5349,clean,player-01686,26,3,12,778.62,0.163,12,21,18.25
0.5349,clean,player-08337,26,4,12,778.52,0.163,14,20,19
0.5349,clean,player-05139,26,5,12,777.93,0.163,15,21,20.5
0.5349,clean,player-08123,26,6,12,774.78,0.163,14,19,19
0.5349,clean,player-09755,26,7,12,773.95,0.163,12,16,16
0.5349,clean,player-01690,26,8,12,772.8,0.163,13,20,19
0.5349,clean,player-09756,26,9,12,767.78,0.163,13,16,16
0.5349,clean,player-07044,26,10,12,767.35,0.163,9,15,13.5
,clean,player-06094,52,1,12,782.36,,10,30,15.5
,clean,player-06092,52,2,12,766.6,,10,31,16.5
,clean,player-06095,52,3,12,763.97,,9,32,15.5
,clean,player-06093,52,4,12,725.71,,10,29,16.5
,clean,player-06096,52,5,12,714.81,,9,28,15.5
,clean,player-06097,52,6,12,703.2,,9,27,13.5
,clean,player-00858,52,7,12,699.69,,11,39,15
,clean,player-05726,52,8,12,675.81,,7,25,13.25
,clean,player-05722,52,9,12,675.16,,8,23,15.25
,clean,player-05725,52,10,12,663.86,,9,27,15.25
0.7363,clean,player-05261,33,1,12,786.01,0.2637,10,15,13.75
0.7363,clean,player-05262,33,2,12,766.32,0.2637,8,15,13.75
0.7363,clean,player-09633,33,3,12,740.12,0.2637,11,21,19.5
0.7363,clean,player-09631,33,4,12,737.24,0.2637,12,19,18.5
0.7363,clean,player-09632,33,5,12,735.96,0.2637,10,15,14.5
0.7363,clean,player-09638,33,6,12,733.58,0.2637,11,18,16.75
0.7363,clean,player-03776,33,7,12,729.92,0.2637,13,24,20
0.7363,clean,player-09635,33,8,12,726.7,0.2637,12,17,16.5
0.7363,clean,player-08663,33,9,12,722.88,0.2637,9,20,16.25
0.7363,clean,player-09637,33,10,12,720.64,0.2637,12,18,16.75
0.6991,clean,player-01859,18,1,12,808.66,0.0321,25,39,28.5
0.6991,clean,player-09078,18,2,12,792.73,0.0321,15,24,21.75
0.6991,clean,player-09080,18,3,12,791.31,0.0321,15,25,23.25
0.6991,clean,player-09074,18,4,12,790.59,0.0321,17,29,24.25
0.6991,clean,player-09073,18,5,12,785.12,0.0321,17,31,27
0.6991,clean,player-01851,18,6,12,782.26,0.0321,26,45,27
0.6991,clean,player-01108,18,7,12,772.21,0.0321,17,25,24
0.6991,clean,player-09076,18,8,12,769.17,0.0321,12,23,19
0.6991,clean,player-01852,18,9,12,767.82,0.0321,27,45,28.25
0.6991,clean,player-09071,18,10,12,766.35,0.0321,14,26,22
0.5504,clean,player-03107,45,1,12,819.85,0.0882,18,29,27.5
0.5504,clean,player-06798,45,2,12,816.23,0.0882,14,18,17.5
0.5504,clean,player-03104,45,3,12,810.45,0.0882,20,29,28
0.5504,clean,player-01341,45,4,12,805.87,0.0882,14,25,21.75
0.5504,clean,player-01069,45,5,12,795.73,0.0882,20,39,26.25
0.5504,clean,player-06794,45,6,12,790.33,0.0882,16,24,22.25
0.5504,clean,player-03866,45,7,12,780.52,0.0882,16,23,22.5
0.5504,clean,player-01346,45,8,12,779.88,0.0882,16,31,26.75
0.5504,clean,player-02829,45,9,12,777.32,0.0882,11,19,17.25
0.5504,clean,player-04476,45,10,12,776.14,0.0882,18,35,27.25
0.7273,clean,player-02342,01,1,12,768.01,0.0037,16,29,27.25
0.7273,clean,player-01141,01,2,12,764.14,0.0037,21,33,26.75
0.7273,clean,player-07281,01,3,12,762.13,0.0037,15,22,19.75
0.7273,clean,player-02344,01,4,12,741.74,0.0037,13,22,20.75
0.7273,clean,player-02341,01,5,12,740.92,0.0037,13,27,24
0.7273,clean,player-06265,01,6,12,722.23,0.0037,16,30,27.75
0.7273,clean,player-01145,01,7,12,721.57,0.0037,20,31,28.25
0.7273,clean,player-06264,01,8,12,719.08,0.0037,15,24,23
0.7273,clean,player-06267,01,9,12,716.63,0.0037,17,29,28
0.7273,clean,player-06269,01,10,12,714.74,0.0037,17,26,25
0.6311,clean,player-08571,07,1,12,787.95,0.0258,13,24,21.75
0.6311,clean,player-08578,07,2,12,759.14,0.0258,13,19,19
0.6311,clean,player-04214,07,3,12,739.83,0.0258,13,27,21.75
0.6311,clean,player-04216,07,4,12,738.48,0.0258,11,26,20.25
0.6311,clean,player-08142,07,5,12,733.72,0.0258,15,24,22.5
0.6311,clean,player-07546,07,6,12,732.65,0.0258,17,32,26.5
0.6311,clean,player-08572,07,7,12,730.02,0.0258,11,20,18.75
0.6311,clean,player-01267,07,8,12,723.19,0.0258,16,27,23.75
0.6311,clean,player-01615,07,9,12,717.57,0.0258,14,38,25.5
0.6311,clean,player-02201,07,10,12,717.05,0.0258,16,34,25
0.6085,clean,player-02941,10,1,12,797.16,0.0519,18,28,27
0.6085,clean,player-04767,10,2,12,791.84,0.0519,13,29,23.5
0.6085,clean,player-02949,10,3,12,752.65,0.0519,18,25,24.5
0.6085,clean,player-05978,10,4,12,749.62,0.0519,13,22,21
0.6085,clean,player-05568,10,5,12,747.05,0.0519,11,19,17.5
0.6085,clean,player-05570,10,6,12,745.85,0.0519,10,17,15.75
0.6085,clean,player-04230,10,7,12,745.47,0.0519,15,25,24
0.6085,clean,player-05977,10,8,12,744.63,0.0519,13,20,18.75
0.6085,clean,player-04229,10,9,12,741.55,0.0519,14,21,19.5
0.6085,clean,player-05971,10,10,12,741.2,0.0519,14,25,23.25
0.5891,clean,player-01355,44,1,12,796.8,0.0288,13,35,24.25
0.5891,clean,player-01358,44,2,12,785.77,0.0288,13,35,23.75
0.5891,clean,player-01351,44,3,12,776.99,0.0288,13,33,24.5
0.5891,clean,player-01357,44,4,12,749.1,0.0288,12,36,25
0.5891,clean,player-08555,44,5,12,745.88,0.0288,11,19,17.25
0.5891,clean,player-01353,44,6,12,743.71,0.0288,11,35,22.75
0.5891,clean,player-04579,44,7,12,740.97,0.0288,15,31,23.73
0.5891,clean,player-04576,44,8,12,736.31,0.0288,15,33,24.98
0.5891,clean,player-01354,44,9,12,735.64,0.0288,12,33,23.25
0.5891,clean,player-08474,44,10,12,722.79,0.0288,10,23,19
0.5976,clean,player-06603,16,1,12,805.51,0,13,37,16.25
0.5976,clean,player-06607,16,2,12,779.69,0,12,33,19.25
0.5976,clean,player-06604,16,3,12,775.01,0,11,37,18.75
0.5976,clean,player-06602,16,4,12,773.32,0,12,38,17.25
0.5976,clean,player-06606,16,5,12,750.57,0,13,35,21.5
0.5976,clean,player-06608,16,6,12,739.02,0,12,31,19.75
0.5976,clean,player-09235,16,7,12,723.31,0,10,28,19.75
0.5976,clean,player-06609,16,8,12,722.52,0,12,28,18.5
0.5976,clean,player-06605,16,9,12,711.87,0,12,36,19.25
0.5976,clean,player-06601,16,10,12,696.92,0,12,34,20
0.6652,clean,player-08219,09,1,12,783.4,0.1636,11,15,15
0.6652,clean,player-04965,09,2,12,781.89,0.1636,16,24,22.75
0.6652,clean,player-08214,09,3,12,777.56,0.1636,12,15,15
0.6652,clean,player-04392,09,4,12,753.5,0.1636,19,29,26.75
0.6652,clean,player-07582,09,5,12,748.32,0.1636,12,22,18.75
0.6652,clean,player-04393,09,6,12,742.83,0.1636,17,26,23.75
0.6652,clean,player-07588,09,7,12,729.59,0.1636,11,23,19.5
0.6652,clean,player-07587,09,8,12,727.5,0.1636,11,20,17.75
0.6652,clean,player-04969,09,9,12,726.27,0.1636,14,24,22.75
0.6652,clean,player-08212,09,10,12,725.48,0.1636,12,16,16
0.5372,clean,player-04864,04,1,12,795.71,0.0269,10,21,18.25
0.5372,clean,player-03418,04,2,12,785.61,0.0269,14,26,22
0.5372,clean,player-04861,04,3,12,764.3,0.0269,11,19,17.25
0.5372,clean,player-03047,04,4,12,763.93,0.0269,14,34,24.75
0.5372,clean,player-03420,04,5,12,758.87,0.0269,14,28,23
0.5372,clean,player-03414,04,6,12,756.26,0.0269,13,29,20.5
0.5372,clean,player-04863,04,7,12,754.69,0.0269,11,25,19.75
0.5372,clean,player-03043,04,8,12,749.97,0.0269,15,31,26
0.5372,clean,player-03794,04,9,12,746.88,0.0269,15,28,26
0.5372,clean,player-04865,04,10,12,743.16,0.0269,11,19,16.5
0.6916,clean,player-05886,19,1,12,772.36,0.0212,11,24,21.25
0.6916,clean,player-06161,19,2,12,768.82,0.0212,11,23,16
0.6916,clean,player-05883,19,3,12,757.7,0.0212,10,23,19.75
0.6916,clean,player-05887,19,4,12,749.08,0.0212,10,23,19
0.6916,clean,player-05885,19,5,12,746.64,0.0212,11,24,20.5
0.6916,clean,player-05881,19,6,12,740.66,0.0212,11,24,20.75
0.6916,clean,player-01655,19,7,12,734.04,0.0212,11,23,19.75
0.6916,clean,player-05647,19,8,12,733.24,0.0212,12,26,20.25
0.6916,clean,player-01658,19,9,12,721.84,0.0212,9,18,16.25
0.6916,clean,player-05884,19,10,12,713.8,0.0212,10,28,22.25
0.639,clean,player-07795,32,1,12,805.44,0.0942,17,29,26.25
0.639,clean,player-03478,32,2,12,798.32,0.0942,17,28,25.5
0.639,clean,player-07793,32,3,12,794.03,0.0942,16,27,25
0.639,clean,player-07792,32,4,12,793.41,0.0942,16,30,26.75
0.639,clean,player-08620,32,5,12,786.4,0.0942,18,27,25.75
0.639,clean,player-07800,32,6,12,784.56,0.0942,14,25,23.25
0.639,clean,player-07791,32,7,12,772.94,0.0942,17,26,24.25
0.639,clean,player-04128,32,8,12,770.25,0.0942,19,28,27.5
0.639,clean,player-06032,32,9,12,764.64,0.0942,18,30,27.25
0.639,clean,player-05534,32,10,12,763.4,0.0942,16,26,24.25
0.5183,clean,player-03991,49,1,12,795.52,0.0074,12,29,21.75
0.5183,clean,player-03996,49,2,12,775.7,0.0074,10,29,20
0.5183,clean,player-06154,49,3,12,757.13,0.0074,15,27,25
0.5183,clean,player-03999,49,4,12,756.15,0.0074,12,30,22
0.5183,clean,player-04000,49,5,12,745.24,0.0074,10,26,20
0.5183,clean,player-03994,49,6,12,743.98,0.0074,8,26,17.25
0.5183,clean,player-06153,49,7,12,743.75,0.0074,13,23,21.5
0.5183,clean,player-05873,49,8,12,733.64,0.0074,17,31,26.25
0.5183,clean,player-03992,49,9,12,731.42,0.0074,11,30,20.75
0.5183,clean,player-05153,49,10,12,720,0.0074,11,21,18.75
0.5957,clean,player-02652,22,1,12,771.12,0.0683,14,40,23.25
0.5957,clean,player-09012,22,2,12,759.87,0.0683,14,29,24
0.5957,clean,player-02654,22,3,12,754.43,0.0683,14,36,23.25
0.5957,clean,player-09011,22,4,12,747.77,0.0683,12,28,22.5
0.5957,clean,player-02658,22,5,12,747.12,0.0683,14,34,23.5
0.5957,clean,player-02660,22,6,12,744.73,0.0683,12,34,20.5
0.5957,clean,player-09015,22,7,12,740.81,0.0683,14,24,21.75
0.5957,clean,player-09017,22,8,12,735.56,0.0683,13,28,23.25
0.5957,clean,player-02655,22,9,12,734.51,0.0683,13,36,23.75
0.5957,clean,player-02657,22,10,12,729.74,0.0683,11,33,23
0.6659,clean,player-04410,40,1,12,810.18,0.0583,12,24,20.5
0.6659,clean,player-04408,40,2,12,799.55,0.0583,10,18,16.75
0.6659,clean,player-04406,40,3,12,788.72,0.0583,12,26,22.5
0.6659,clean,player-04404,40,4,12,787.73,0.0583,11,21,19.5
0.6659,clean,player-04407,40,5,12,782.31,0.0583,12,25,22.5
0.6659,clean,player-09531,40,6,12,779.13,0.0583,12,22,20.25
0.6659,clean,player-07089,40,7,12,778.42,0.0583,10,20,15.25
0.6659,clean,player-07087,40,8,12,778.07,0.0583,11,22,16.5
0.6659,clean,player-04401,40,9,12,773.24,0.0583,12,24,21.75
0.6659,clean,player-07088,40,10,12,771.83,0.0583,8,21,15
