finalRank,finalScore,integrityRisk,playerId,provinceCode,provinceRank,seasonId,uniqueOpponents,validChallenges
87,711.64,7.09,player-00158,29,3,season-2026-27,19,37
83,711.77,5.64,player-00171,02,1,season-2026-27,18,40
93,710.51,6.04,player-00174,02,3,season-2026-27,16,39
88,711.14,5.52,player-00176,02,2,season-2026-27,18,39
84,711.77,6.04,player-00195,36,1,season-2026-27,16,39
97,709.69,4.54,player-00412,29,4,season-2026-27,17,27
16,740.09,5.14,player-00563,46,1,season-2026-27,29,54
49,720.43,7.23,player-00567,46,3,season-2026-27,28,53
58,717.77,6.08,player-00570,46,5,season-2026-27,21,34
63,717.08,4.55,player-00710,11,5,season-2026-27,19,34
32,724.78,5.95,player-00741,31,1,season-2026-27,13,31
90,710.88,7.91,player-01015,11,8,season-2026-27,26,41
53,719.03,3.93,player-01037,46,4,season-2026-27,18,29
43,721.61,5.26,player-01038,46,2,season-2026-27,20,31
85,711.7,5.26,player-01154,08,8,season-2026-27,21,43
86,711.67,5.88,player-01375,21,7,season-2026-27,21,35
45,721.18,4.38,player-01438,35,5,season-2026-27,25,40
26,726.81,4.28,player-01891,14,3,season-2026-27,17,29
46,720.8,3.47,player-01897,14,5,season-2026-27,18,27
30,725.32,4.2,player-01898,14,4,season-2026-27,19,32
11,741.93,5.9,player-01934,17,1,season-2026-27,26,38
54,718.5,6.37,player-01935,17,4,season-2026-27,22,34
60,717.28,4.22,player-01937,17,6,season-2026-27,25,39
33,724.51,3.28,player-01938,17,2,season-2026-27,24,35
44,721.22,3.22,player-01939,17,3,season-2026-27,22,29
55,718.45,3.43,player-01940,17,5,season-2026-27,22,30
79,713.28,6,player-02051,12,1,season-2026-27,12,21
19,733.58,3.69,player-02294,35,2,season-2026-27,20,31
9,742.41,3.38,player-02296,35,1,season-2026-27,23,34
94,710.48,5.83,player-02456,11,9,season-2026-27,20,34
48,720.5,5.38,player-02793,38,2,season-2026-27,20,38
36,723.33,3.99,player-02800,38,1,season-2026-27,16,26
14,741.76,3.06,player-02859,48,1,season-2026-27,17,24
98,709.65,3.26,player-02996,11,10,season-2026-27,22,32
47,720.8,4.84,player-03000,11,3,season-2026-27,22,32
25,728.04,3.81,player-03007,21,3,season-2026-27,19,30
72,714.81,4.38,player-03010,21,5,season-2026-27,19,33
35,723.56,3.34,player-03413,04,1,season-2026-27,17,25
20,732.87,4.58,player-03478,32,4,season-2026-27,15,27
61,717.22,4.69,player-03542,17,7,season-2026-27,18,33
81,711.98,4.94,player-03563,23,1,season-2026-27,13,25
59,717.3,4.49,player-03712,05,1,season-2026-27,13,23
73,714.69,5.38,player-03713,05,2,season-2026-27,10,21
68,715.43,4.21,player-03912,14,6,season-2026-27,21,28
3,761.46,6.62,player-03918,14,2,season-2026-27,20,30
2,764.38,6.85,player-03920,14,1,season-2026-27,18,28
7,750.2,4.46,player-04126,32,1,season-2026-27,21,37
8,742.86,3.14,player-04128,32,2,season-2026-27,21,30
12,741.92,3.37,player-04130,32,3,season-2026-27,21,31
70,715.01,3.47,player-04132,08,6,season-2026-27,18,27
31,724.8,2.14,player-04139,08,4,season-2026-27,16,20
41,722,5.52,player-04651,39,1,season-2026-27,13,21
23,730.1,2.44,player-04725,28,1,season-2026-27,15,19
42,721.71,4.93,player-05102,15,1,season-2026-27,16,27
67,716.43,4.28,player-05107,15,3,season-2026-27,17,29
57,717.88,3.84,player-05132,26,2,season-2026-27,17,27
80,711.99,3.93,player-05139,26,3,season-2026-27,18,29
74,714.45,3.1,player-05224,41,1,season-2026-27,19,27
51,720.12,7.39,player-05248,50,1,season-2026-27,16,37
78,713.6,3.47,player-05606,08,7,season-2026-27,18,27
52,719.52,1.98,player-05610,08,5,season-2026-27,16,19
4,759.72,2.12,player-05764,29,1,season-2026-27,15,18
77,713.87,2.91,player-05907,03,3,season-2026-27,12,16
38,722.66,5.58,player-05929,26,1,season-2026-27,19,31
95,710.37,2.45,player-05930,26,4,season-2026-27,20,26
65,716.82,3.03,player-06080,13,1,season-2026-27,14,19
62,717.13,4.78,player-06132,11,4,season-2026-27,18,30
34,724.09,4.97,player-06133,11,2,season-2026-27,20,35
64,716.85,4.4,player-06134,11,6,season-2026-27,22,35
18,736.17,3.35,player-06135,11,1,season-2026-27,19,28
40,722.23,4.33,player-06224,28,2,season-2026-27,20,31
24,728.8,2.52,player-06372,08,3,season-2026-27,16,21
22,730.43,3.97,player-06422,21,2,season-2026-27,21,31
10,742.19,3.64,player-06425,21,1,season-2026-27,22,31
28,725.84,3.04,player-06428,21,4,season-2026-27,22,31
76,714.04,3.97,player-06430,21,6,season-2026-27,21,31
5,755.48,3.56,player-06949,03,1,season-2026-27,13,19
66,716.44,2.55,player-07075,11,7,season-2026-27,22,29
27,726.65,4.09,player-07181,48,2,season-2026-27,17,25
15,741.21,4.72,player-07662,30,2,season-2026-27,13,24
1,766.48,4,player-07663,30,1,season-2026-27,12,18
56,718.29,5.14,player-07669,30,3,season-2026-27,11,22
17,738.07,4.23,player-07814,08,2,season-2026-27,21,29
6,751.45,4.02,player-07816,08,1,season-2026-27,21,28
92,710.59,3.95,player-07818,08,9,season-2026-27,20,26
69,715.11,4.97,player-08171,39,2,season-2026-27,15,29
13,741.91,4.49,player-08202,25,1,season-2026-27,13,23
89,710.91,4.92,player-08203,25,2,season-2026-27,10,18
96,710.04,4.22,player-08214,09,2,season-2026-27,15,22
37,723.11,4.29,player-08219,09,1,season-2026-27,16,24
39,722.62,1.14,player-08223,35,4,season-2026-27,18,20
71,714.84,2.52,player-08360,37,2,season-2026-27,16,21
50,720.43,3.35,player-08704,15,2,season-2026-27,19,28
29,725.56,4.05,player-08944,35,3,season-2026-27,19,28
100,709.22,2.64,player-09080,18,1,season-2026-27,18,24
82,711.86,3.76,player-09299,29,2,season-2026-27,18,25
99,709.37,3.01,player-09351,03,5,season-2026-27,14,19
75,714.29,4.26,player-09526,03,2,season-2026-27,13,16
91,710.63,3.68,player-09528,03,4,season-2026-27,12,16
21,731.1,4.05,player-09619,37,1,season-2026-27,14,23
67,720.36,4.6,player-00151,29,8,season-2027-28,23,38
33,731.06,4.04,player-00153,29,3,season-2027-28,25,41
3,764.37,3.47,player-00158,29,1,season-2027-28,22,33
88,716.41,3.38,player-00159,29,10,season-2027-28,23,34
71,720.17,4.39,player-00301,08,12,season-2027-28,23,40
66,720.91,4.89,player-00304,08,10,season-2027-28,24,42
22,738.19,4.53,player-00310,08,3,season-2027-28,21,34
81,717.99,7.49,player-00351,50,3,season-2027-28,19,45
82,717.81,7.71,player-00352,50,4,season-2027-28,20,45
61,722.46,6.33,player-00356,50,1,season-2027-28,21,50
72,720.11,5.81,player-00359,50,2,season-2027-28,21,44
58,723.09,8.96,player-00690,34,1,season-2027-28,11,33
100,713.97,4.14,player-00758,48,4,season-2027-28,21,35
95,714.85,5.25,player-00909,14,4,season-2027-28,14,23
9,749.13,5.34,player-01038,46,1,season-2027-28,12,25
19,738.89,3.88,player-01042,08,2,season-2027-28,24,32
47,726.61,2.64,player-01043,08,8,season-2027-28,18,24
7,750.09,3.37,player-01045,08,1,season-2027-28,23,28
68,720.36,3.4,player-01048,08,11,season-2027-28,19,22
46,726.7,3.59,player-01050,08,7,season-2027-28,15,20
49,726.12,4.98,player-01108,18,1,season-2027-28,21,33
2,764.95,5.61,player-01341,45,2,season-2027-28,15,29
20,738.89,4.99,player-01346,45,7,season-2027-28,17,33
86,717.01,5.85,player-01347,45,10,season-2027-28,16,33
8,750.04,7.16,player-01355,44,1,season-2027-28,14,29
75,719.11,7.96,player-01357,44,2,season-2027-28,13,32
23,738.14,4.33,player-01375,21,1,season-2027-28,18,31
45,726.81,4.96,player-01503,08,6,season-2027-28,20,35
53,724.17,3.71,player-01808,08,9,season-2027-28,18,28
44,727.09,4.21,player-01810,08,5,season-2027-28,16,27
76,718.89,4.39,player-01821,03,1,season-2027-28,30,41
21,738.45,2.79,player-01861,41,3,season-2027-28,32,41
16,741.57,3.32,player-01866,41,1,season-2027-28,34,47
42,728.01,3.81,player-02150,28,3,season-2027-28,19,30
10,748.24,6.62,player-02296,35,1,season-2027-28,24,36
37,729.57,5.33,player-02438,43,1,season-2027-28,21,30
56,723.49,2.83,player-02481,36,1,season-2027-28,14,19
4,760.33,4.84,player-02605,31,1,season-2027-28,9,15
40,728.59,4.48,player-02634,31,2,season-2027-28,15,23
11,747.91,4.58,player-02692,46,2,season-2027-28,20,36
85,717.51,4.2,player-02694,46,5,season-2027-28,19,32
27,736.64,4.46,player-02698,46,3,season-2027-28,21,37
52,725.11,5.98,player-02757,14,2,season-2027-28,18,28
34,729.91,3.91,player-03099,45,8,season-2027-28,20,29
12,747.84,5.42,player-03100,45,4,season-2027-28,19,27
17,741.15,3.06,player-03478,32,1,season-2027-28,17,24
73,720.01,3,player-03519,28,4,season-2027-28,20,28
78,718.15,4.37,player-03794,04,2,season-2027-28,15,26
69,720.36,4.43,player-03795,04,1,season-2027-28,16,28
97,714.75,4.14,player-03799,04,3,season-2027-28,15,25
43,727.8,2.28,player-03901,48,2,season-2027-28,22,28
93,715.12,3.47,player-03902,48,3,season-2027-28,20,30
70,720.26,6.81,player-03918,14,3,season-2027-28,17,30
60,722.48,5.35,player-04242,35,2,season-2027-28,21,33
55,723.68,3.53,player-04461,29,4,season-2027-28,23,32
15,742.14,5.11,player-04471,45,6,season-2027-28,22,40
14,743.44,5.48,player-04472,45,5,season-2027-28,21,41
1,765.82,5.59,player-04476,45,1,season-2027-28,21,42
54,723.81,5.46,player-04477,45,9,season-2027-28,22,43
5,757.29,5.48,player-04480,45,3,season-2027-28,21,41
92,715.32,4.31,player-04651,39,1,season-2027-28,14,24
24,738.04,2.52,player-05045,27,2,season-2027-28,16,21
94,715.05,3.47,player-05122,02,3,season-2027-28,16,24
74,719.83,3.74,player-05123,02,2,season-2027-28,16,25
25,737.64,3.89,player-05124,02,1,season-2027-28,15,24
41,728.46,3.47,player-05171,27,3,season-2027-28,16,24
50,726.02,3.74,player-05173,27,4,season-2027-28,16,25
13,745.64,4.21,player-05175,27,1,season-2027-28,16,27
77,718.18,2.64,player-05226,41,6,season-2027-28,15,20
62,722.35,2.55,player-05390,29,6,season-2027-28,22,29
35,729.77,2.06,player-05843,28,1,season-2027-28,21,26
36,729.77,2.22,player-05846,28,2,season-2027-28,19,24
29,735.72,4.01,player-05923,26,1,season-2027-28,19,31
32,732.17,3.93,player-06032,32,2,season-2027-28,18,29
84,717.62,1.96,player-06280,28,5,season-2027-28,18,22
98,714.63,3.89,player-06549,39,2,season-2027-28,15,24
31,732.23,2.58,player-06711,41,4,season-2027-28,16,17
90,715.81,2.69,player-06713,41,7,season-2027-28,14,17
18,740.51,2.88,player-06715,41,2,season-2027-28,14,18
39,728.88,3.51,player-07078,11,1,season-2027-28,13,19
28,736.1,3.04,player-07181,48,1,season-2027-28,17,21
38,729.13,3.74,player-07221,21,2,season-2027-28,16,25
91,715.36,3.93,player-07222,21,5,season-2027-28,18,29
99,714.57,5,player-07225,21,6,season-2027-28,18,35
48,726.45,3.81,player-07226,21,3,season-2027-28,19,30
87,716.56,4.83,player-07230,21,4,season-2027-28,17,32
26,737.39,3.47,player-07281,01,1,season-2027-28,16,24
80,718.01,4.74,player-07792,32,3,season-2027-28,17,28
89,716.18,5.1,player-07800,32,4,season-2027-28,18,28
51,725.57,3.44,player-07988,14,1,season-2027-28,19,25
30,733.23,2.54,player-08084,08,4,season-2027-28,19,25
83,717.7,4.31,player-08327,37,1,season-2027-28,11,16
59,723,5.45,player-08498,41,5,season-2027-28,17,28
64,721.48,2.25,player-08544,46,4,season-2027-28,14,16
96,714.8,3.28,player-08545,46,6,season-2027-28,13,17
6,750.7,2.06,player-08721,29,2,season-2027-28,21,26
65,721.27,2.9,player-08722,29,7,season-2027-28,23,29
79,718.08,2.04,player-08997,29,9,season-2027-28,17,21
57,723.22,4.43,player-09046,29,5,season-2027-28,19,30
63,722.27,2.64,player-09080,18,2,season-2027-28,15,20
29,729.06,7.34,player-00061,42,1,season-2028-29,14,35
76,715.37,3.47,player-00158,29,7,season-2028-29,22,33
77,715.33,3,player-00159,29,8,season-2028-29,25,35
20,734.4,3.47,player-00412,29,3,season-2028-29,14,21
94,710.51,3.47,player-00414,29,10,season-2028-29,14,21
81,714.01,4.61,player-00620,27,2,season-2028-29,21,38
67,718.01,6.39,player-00743,31,1,season-2028-29,12,32
33,727.71,3.81,player-00892,36,1,season-2028-29,19,30
84,713.58,3.71,player-00893,36,3,season-2028-29,18,28
66,718.32,4.14,player-00895,36,2,season-2028-29,18,30
70,717.01,6.54,player-00909,14,1,season-2028-29,16,26
89,711.42,3.38,player-01013,11,3,season-2028-29,23,34
90,711.05,4.39,player-01014,11,4,season-2028-29,23,40
42,726.03,3.75,player-01015,11,2,season-2028-29,23,36
88,711.48,4.21,player-01038,46,2,season-2028-29,16,27
35,727.13,3.95,player-01174,11,1,season-2028-29,26,42
7,747.7,6.33,player-01279,21,1,season-2028-29,29,42
95,710.34,5.76,player-01382,31,2,season-2028-29,14,32
71,716.57,3.75,player-01437,35,8,season-2028-29,27,39
26,730.24,4.67,player-01438,35,5,season-2028-29,24,40
57,720.24,4.4,player-01440,35,7,season-2028-29,21,33
53,722.45,3.32,player-01571,37,3,season-2028-29,15,22
47,724.49,3.42,player-01579,37,2,season-2028-29,18,24
49,723.55,4.36,player-01851,18,2,season-2028-29,26,45
4,749.73,3.73,player-01859,18,1,season-2028-29,25,39
28,729.4,4.28,player-01911,41,1,season-2028-29,23,36
15,737.55,4.07,player-02183,21,4,season-2028-29,17,28
37,726.81,3.24,player-02253,28,5,season-2028-29,20,29
12,739.85,3.93,player-02384,50,2,season-2028-29,18,29
59,719.55,4.07,player-02388,50,3,season-2028-29,17,28
80,714.2,3.47,player-02438,43,4,season-2028-29,20,30
75,715.4,3.78,player-02600,35,9,season-2028-29,21,33
34,727.71,3.66,player-02698,46,1,season-2028-29,26,37
98,709.71,3.89,player-03104,45,5,season-2028-29,20,29
46,724.53,3.93,player-03107,45,3,season-2028-29,18,29
79,714.4,4.51,player-03325,35,10,season-2028-29,18,25
5,749.47,5.69,player-03425,50,1,season-2028-29,18,36
25,730.65,2.64,player-03659,03,1,season-2028-29,18,24
36,726.84,4.81,player-03948,37,1,season-2028-29,16,30
100,709.58,2.6,player-04141,41,6,season-2028-29,27,33
92,711.02,3.24,player-04172,46,3,season-2028-29,20,29
74,715.54,6.09,player-04408,40,1,season-2028-29,10,18
85,713.27,5.92,player-04410,40,2,season-2028-29,12,24
56,721.19,5.53,player-04476,45,4,season-2028-29,18,35
55,721.33,2.87,player-05221,41,3,season-2028-29,16,22
78,715.03,3.02,player-05223,41,4,season-2028-29,14,19
39,726.44,3.14,player-05224,41,2,season-2028-29,14,20
6,748.47,2.22,player-05271,29,1,season-2028-29,19,24
54,721.67,3.24,player-05274,29,4,season-2028-29,20,29
22,732.79,4.91,player-05351,17,2,season-2028-29,18,27
62,718.62,5.27,player-05352,17,5,season-2028-29,18,29
24,731.34,3.1,player-05353,17,4,season-2028-29,19,27
3,750.3,3.29,player-05354,17,1,season-2028-29,19,25
23,732.57,4.78,player-05357,17,3,season-2028-29,18,30
86,713.1,4.74,player-05360,17,6,season-2028-29,19,28
1,753.19,2.81,player-05551,28,1,season-2028-29,22,30
17,734.94,3.08,player-05553,28,2,season-2028-29,24,34
30,728.58,3.14,player-05555,28,4,season-2028-29,21,30
18,734.72,3.14,player-05559,28,3,season-2028-29,21,30
11,740.23,4.58,player-05575,35,2,season-2028-29,15,27
38,726.74,1.88,player-05605,08,1,season-2028-29,19,23
40,726.38,1.5,player-05606,08,2,season-2028-29,19,22
63,718.43,2.98,player-05610,08,3,season-2028-29,16,19
9,742.44,4.09,player-06001,35,1,season-2028-29,14,20
21,734.16,4.89,player-06010,35,4,season-2028-29,15,25
43,725.63,3.42,player-06325,03,2,season-2028-29,16,21
52,722.48,2.64,player-06352,48,1,season-2028-29,18,24
60,719.08,1.99,player-06382,28,6,season-2028-29,22,27
45,724.73,3.89,player-06424,21,5,season-2028-29,20,29
73,715.67,3.97,player-06425,21,7,season-2028-29,21,31
16,736.43,4.29,player-06794,45,2,season-2028-29,16,24
10,741.6,2.74,player-06798,45,1,season-2028-29,14,18
91,711.05,4.58,player-07232,27,3,season-2028-29,15,27
2,752.1,4.94,player-07237,27,1,season-2028-29,13,25
93,710.62,2.94,player-07472,03,3,season-2028-29,17,21
32,728.2,3.5,player-07695,23,1,season-2028-29,13,19
41,726.12,4.63,player-07700,23,2,season-2028-29,14,22
68,717.93,4.81,player-07792,32,2,season-2028-29,16,30
31,728.32,4.28,player-07795,32,1,season-2028-29,17,29
51,722.71,3.95,player-07902,39,1,season-2028-29,13,21
65,718.33,4.14,player-07920,15,1,season-2028-29,15,25
97,709.95,2.75,player-07987,14,2,season-2028-29,17,23
61,718.77,4.62,player-08055,43,3,season-2028-29,16,29
44,725.56,3.32,player-08058,43,1,season-2028-29,15,22
50,723.53,4.37,player-08059,43,2,season-2028-29,15,26
83,713.59,5.04,player-08171,39,3,season-2028-29,18,27
72,715.72,4.31,player-08179,39,2,season-2028-29,14,24
27,730.04,1.96,player-08288,35,6,season-2028-29,18,22
19,734.72,3.62,player-08290,35,3,season-2028-29,17,21
87,712.44,3.06,player-08368,41,5,season-2028-29,17,24
96,710.22,3.42,player-08463,30,2,season-2028-29,16,21
69,717.78,3.13,player-08465,30,1,season-2028-29,18,23
82,713.79,2.64,player-08721,29,9,season-2028-29,18,24
58,719.67,2.69,player-08999,29,5,season-2028-29,14,17
64,718.38,2.9,player-09299,29,6,season-2028-29,21,29
14,737.89,3.24,player-09300,29,2,season-2028-29,20,29
99,709.68,4.37,player-09458,15,2,season-2028-29,15,26
13,738.16,4.04,player-09654,21,3,season-2028-29,12,19
48,724.11,3.95,player-09656,21,6,season-2028-29,13,21
8,745.63,3.47,player-09657,21,2,season-2028-29,14,21
